{
    "stat": {
        "cpu_cycles_cgstart": 190816708299930,
        "mop/quad": 2.7465405433006538,
        "ru_self_cgstart": {
            "ru_utime_sec": 7.6693879999999996,
            "ru_stime_sec": 0.15069099999999999,
            "ru_maxrss_kb": 165256,
            "ru_minflt": 22374,
            "ru_majflt": 0,
            "ru_nvcsw": 43,
            "ru_nivcsw": 403
        },
        "ru_childs_cgstart": {
            "ru_utime_sec": 0.035834999999999999,
            "ru_stime_sec": 0.019310999999999998,
            "ru_maxrss_kb": 165256,
            "ru_minflt": 4883,
            "ru_majflt": 0,
            "ru_nvcsw": 25,
            "ru_nivcsw": 16
        },
        "totalObjSize": 4141704,
        "nQuads": 78336,
        "nMops": 215153,
        "outputSizePerQuad": 52.871017156862742,
        "ru_childs_end": {
            "ru_utime_sec": 0.039981999999999997,
            "ru_stime_sec": 0.019310999999999998,
            "ru_maxrss_kb": 165256,
            "ru_minflt": 5107,
            "ru_majflt": 0,
            "ru_nvcsw": 26,
            "ru_nivcsw": 16
        },
        "quadSpeed": 56944.261704009856,
        "ru_self_end": {
            "ru_utime_sec": 9.0409020000000009,
            "ru_stime_sec": 0.20228199999999999,
            "ru_maxrss_kb": 169900,
            "ru_minflt": 24384,
            "ru_majflt": 0,
            "ru_nvcsw": 45,
            "ru_nivcsw": 438
        },
        "cpu_cycles_end": 190819284680699,
        "realTime": 9.5220949649810791,
        "cpu_cycles_total": 16969764985,
        "CodeGen(%)": 15.148976685529753,
        "mopSpeed": 156399.72347838583,
        "Frontend(%)": 84.851023314470254,
        "peak_mem_kb": 270140
    },
    "SIMBData": {
        "out": "amcQwB.o",
        "bytes": 357026,
        "text": 0,
        "archive": "archive.4/_320678_archive_1.a"
    },
    "cycles_program_begin": 190802314915714,
    "MlibObjs": {},
    "PrevCompiledModules": {
        "std": {
            "reYIK_d": {
                "bytes": 36556,
                "archive": "archive.4/_prev_archive_1.a",
                "mod": "std",
                "mode": 4,
                "checksum": 0,
                "out": "reYIK_d.o"
            }
        },
        "uvm_pkg": {
            "zr7M1_d": {
                "bytes": 3999144,
                "archive": "archive.4/_prev_archive_1.a",
                "mod": "uvm_pkg",
                "out": "zr7M1_d.o",
                "mode": 4,
                "checksum": 0
            }
        },
        "top_tb": {
            "W0eJz_d": {
                "bytes": 16388,
                "archive": "archive.4/_320678_archive_1.a",
                "mod": "top_tb",
                "out": "W0eJz_d.o",
                "mode": 4,
                "checksum": 0
            }
        },
        "vcs_paramclassrepository": {
            "hEeZs_d": {
                "bytes": 3746532,
                "archive": "archive.4/_320678_archive_1.a",
                "mod": "vcs_paramclassrepository",
                "out": "hEeZs_d.o",
                "mode": 4,
                "checksum": 0
            }
        },
        "...MASTER...": {
            "amcQw_d": {
                "bytes": 8488,
                "mod": "...MASTER...",
                "mode": 4,
                "checksum": 0,
                "out": "objs/amcQw_d.o"
            }
        },
        "_vcs_DPI_package": {
            "uM9F1_d": {
                "bytes": 9232,
                "archive": "archive.4/_prev_archive_1.a",
                "mod": "_vcs_DPI_package",
                "mode": 4,
                "checksum": 0,
                "out": "uM9F1_d.o"
            }
        }
    },
    "perf": [
        {
            "stat": [
                "main",
                "entry",
                0.028320074081420898,
                0.061726000000000003,
                0.012345,
                200688,
                200688,
                0.0,
                0.0,
                1652203202.126425,
                190802315160730
            ],
            "sub": [
                {
                    "stat": [
                        "doParsingAndDesignResolution",
                        "entry",
                        0.19565701484680176,
                        0.077136999999999997,
                        0.024358999999999999,
                        209568,
                        210368,
                        0.0,
                        0.0,
                        1652203202.293762,
                        190802614539251
                    ],
                    "sub": []
                },
                {
                    "stat": [
                        "doParsingAndDesignResolution",
                        "exit",
                        2.450355052947998,
                        2.244164,
                        0.091192999999999996,
                        244656,
                        245304,
                        0.0,
                        0.0,
                        1652203204.54846,
                        190806647413232
                    ],
                    "sub": []
                },
                {
                    "stat": [
                        "doPostDesignResolutionToVir2Vcs",
                        "entry",
                        2.4511361122131348,
                        2.24491,
                        0.091224,
                        244656,
                        245304,
                        0.0,
                        0.0,
                        1652203204.5492411,
                        190806648764079
                    ],
                    "sub": [
                        {
                            "stat": [
                                "doUptoVir2VcsNoSepCleanup",
                                "entry",
                                3.9606170654296875,
                                3.729778,
                                0.099197999999999995,
                                245524,
                                245524,
                                0.0,
                                0.0,
                                1652203206.058722,
                                190809347549025
                            ],
                            "sub": []
                        },
                        {
                            "stat": [
                                "doUptoVir2VcsNoSepCleanup",
                                "exit",
                                7.7439839839935303,
                                7.3916919999999999,
                                0.134827,
                                252916,
                                265252,
                                0.013447000000000001,
                                0.0045500000000000002,
                                1652203209.8420889,
                                190816108649437
                            ],
                            "sub": []
                        },
                        {
                            "stat": [
                                "doRadify_vir2vcsAll",
                                "entry",
                                7.7442281246185303,
                                7.3919350000000001,
                                0.13483100000000001,
                                252916,
                                265252,
                                0.013447000000000001,
                                0.0045500000000000002,
                                1652203209.8423331,
                                190816108873321
                            ],